<?xml version="1.0" encoding="utf-8"?>

<rules lang="en" xmlns:xsi="http://www.w3.org/2001/XMLSchema-instance" xsi:noNamespaceSchemaLocation="../disambiguation.xsd">
    <rule name="έχω + verb/inf -> έχω + inf" id="HAVE_INF">
        <pattern>
            <token inflected="yes">έχω</token>
            <marker>
                <and>
                    <token postag="V" />
                    <token postag="INF" />
                </and>
            </marker>
        </pattern>
        <disambig postag="INF" />
    </rule>
</rules>
