<?xml version="1.0" encoding="utf-8"?>
<?xml-stylesheet type="text/xsl" href="../../rules/print.xsl" title="Pretty print" ?>
<?xml-stylesheet type="text/css" href="../../rules/rules.css" title="Easy editing stylesheet" ?>
<!--
Spanish Disambiguation Rules for LanguageTool
Copyright (C) 2011 Juan Martorell
$Id: disambiguation.xml,v 1.1 2011-01-16 19:29:23 jmartorell Exp $
-->
<rules lang="es" xsi:noNamespaceSchemaLocation="../disambiguation.xsd" xmlns:xsi="http://www.w3.org/2001/XMLSchema-instance" xmlns:xs="http://www.w3.org/2001/XMLSchema">
    <unification feature="number">
        <equivalence type="S">
            <token postag="(N.{2}|[ADP].{3}|V.{4})S.*" postag_regexp="yes"></token>
        </equivalence>

        <equivalence type="P">
            <token postag="(N.{2}|[ADP].{3}|V.{4})P.*" postag_regexp="yes"></token>
        </equivalence>
    </unification>

    <unification feature="gender">
        <equivalence type="M">
            <token postag="(N.|[ADP].{2}|V.{3})M.*" postag_regexp="yes"></token>
        </equivalence>

        <equivalence type="F">
            <token postag="(N.|[ADP].{2}|V.{3})F.*" postag_regexp="yes"></token>
        </equivalence>
    </unification>

    <!-- D_R_N : Det + Adverbio + Nombre-->

    <rule id="D_R_N" name="Det + Adv +Nom">
        <pattern>
            <token postag="D.*" postag_regexp="yes"></token>

            <marker>
                <token postag="R.*" postag_regexp="yes"></token>
            </marker>

            <token postag="N.*" postag_regexp="yes"><exception>son</exception><exception postag="(C|SP).*" postag_regexp="yes"></exception></token>
        </pattern>

        <disambig action="filter" postag="R.*"></disambig>
    </rule>

    <!-- DNA : Det + Nombre + adjetivo-->

    <rule id="DNA" name="Det + Nom + Adj">
        <pattern>
            <marker>
                <unify>
                    <feature id="gender"></feature>

                    <feature id="number"></feature>

                    <token postag="D.*" postag_regexp="yes"></token>

                    <token postag="N.*" postag_regexp="yes"></token>

                    <token postag="A.*" postag_regexp="yes"></token>
                </unify>
            </marker>
        </pattern>

        <disambig action="unify"></disambig>
    </rule>

    <!-- DAN : Determinante + Adjetivo + Nombre-->

    <rule id="DAN" name="Det + Adj +Nom">
        <pattern>
            <marker>
                <unify>
                    <feature id="gender"></feature>

                    <feature id="number"></feature>

                    <token postag="D.*" postag_regexp="yes"></token>

                    <token postag="A.*" postag_regexp="yes"></token>

                    <token postag="N.*" postag_regexp="yes"><exception postag="[DC].*" postag_regexp="yes"></exception><exception regexp="yes">de|son</exception></token>
                </unify>
            </marker>
        </pattern>

        <disambig action="unify"></disambig>
    </rule>

    <!-- NSN : Nom + Nom/Prep + Nom/Adj = prep -->

    <rule id="NSN" name="Nom + Nom/Prep + Nom/Adj">
        <pattern>
            <token postag="N.*" postag_regexp="yes"></token>

            <marker>
                <token postag="S.*" postag_regexp="yes"></token>
            </marker>

            <token postag="[NA].*" postag_regexp="yes"></token>
        </pattern>

        <disambig action="filter" postag="S.*"></disambig>
    </rule>

    <!-- ANA : Adj + Nom/Adj + Adj = Nom -->

    <rule id="ANA" name="Adj + Nom/Adj + Adj">
        <pattern>
            <token postag="A.*" postag_regexp="yes"><exception postag="N.*" postag_regexp="yes"></exception></token>

            <marker>
                <and>
                    <token postag="N.*" postag_regexp="yes"></token>

                    <token postag="A.*" postag_regexp="yes"></token>
                </and>
            </marker>

            <token postag="A.*" postag_regexp="yes"><exception postag="N.*" postag_regexp="yes"></exception></token>
        </pattern>

        <disambig action="filter" postag="N.*"></disambig>
    </rule>

    <!--D_AN Detrás de un determinante, va el nombre y no el adjetivo-->

    <rule id="D_AN" name="Art + Nom/Adj = Nom">
        <pattern>
            <token postag="D.*" postag_regexp="yes"></token>

            <marker>
                <and>
                    <token postag="N.*" postag_regexp="yes"><exception postag="V.*" postag_regexp="yes"></exception></token>

                    <token postag="A.*" postag_regexp="yes"></token>
                </and>
            </marker>

            <token negate="yes" postag="N.*" postag_regexp="yes"></token>
        </pattern>

        <disambig action="filter" postag="N.*"></disambig>
    </rule>

    <!--P_V Cuando está delante de un verbo, se trata de un pronombre-->

    <rule id="P_V" name="Pronombre + Verbo">
        <pattern>
            <marker>
                <and>
                    <token postag="D.*" postag_regexp="yes"></token>

                    <token postag="[PN].*" postag_regexp="yes"></token>
                </and>
            </marker>

            <token postag="V.*" postag_regexp="yes"><exception postag="[NA].*" postag_regexp="yes"></exception></token>
        </pattern>

        <disambig action="filter" postag="P.*|N.*"></disambig>
    </rule>

    <!-- D_N Cuando está delante de un nombre, se trata de un determinante.-->

    <rule id="D_N" name="Artículo + Nombre">
        <pattern>
            <marker>
                <token postag="D.*" postag_regexp="yes"><exception inflected="yes">todo</exception></token>
            </marker>

            <token postag="[PNA].*" postag_regexp="yes"><exception postag="V.*" postag_regexp="yes"></exception></token>
        </pattern>

        <disambig action="filter" postag="D.*"></disambig>
    </rule>
</rules>
