<?xml version="1.0" encoding="UTF-8"?>
<?xml-stylesheet type="text/xsl" href="../print.xsl" 
title="Pretty print" ?>
<?xml-stylesheet type="text/css" href="../rules.css" 
title="Easy editing stylesheet" ?>
<!--
Portuguese (Portugal - pre-reform) - Grammar and Typo Rules for LanguageTool
Copyright (C) 2012 Marco A.G.Pinto (www.marcoagpinto.com). Thanks to Juan Martorell and Daniel Naber who mentored the project

This library is free software; you can redistribute it and/or
modify it under the terms of the GNU Lesser General Public
License as published by the Free Software Foundation; either
version 2.1 of the License, or (at your option) any later version.

This library is distributed in the hope that it will be useful,
but WITHOUT ANY WARRANTY; without even the implied warranty of
MERCHANTABILITY or FITNESS FOR A PARTICULAR PURPOSE. See the GNU
Lesser General Public License for more details.

You should have received a copy of the GNU Lesser General Public
License along with this library; if not, write to the Free Software
Foundation, Inc., 51 Franklin St, Fifth Floor, Boston, MA 02110-1301, USA

$Id: grammar.xml,v 1.041 2012-12-02 15:45:00 marcoagpinto Exp $
-->
<rules lang="pt" xsi:noNamespaceSchemaLocation="../rules.xsd" xmlns:xsi="http://www.w3.org/2001/XMLSchema-instance" xmlns:xs="http://www.w3.org/2001/XMLSchema">


<!--
****************************************
           POSSÍVEIS ERROS GRAMATICAIS
****************************************
-->

<category name="Gramática">

    <!-- A A a -->
    <rule id="A_A" name="a">
      <pattern>
        <token>a</token>
        <token>a</token>
      </pattern>
      <message>Substituir «a a» por <suggestion>a</suggestion>.</message>
      <example type="incorrect">Tenho <marker>a a</marker> data marcada.</example>
      <example type="correct">Tenho <marker>a</marker> data marcada.</example>
    </rule>



    <!-- A XXX DE VOCÊS a vossa XXX -->
	<rule id="A_XXX_DE_VOCÊS" name="a XXX de vocês -> a vossa XXX">
	  <pattern>
	    <token>a</token>
	    <token><exception regexp="yes">um|dois|três|maioria|minoria|fim</exception></token>
 	   <token>de</token>
	    <token>vocês</token>
	  </pattern>
	  <message>Querias dizer <suggestion>\1 vossa \2</suggestion>?</message>
	  <example type="incorrect"><marker>A opinião de vocês</marker> é importante.</example>
	  <example type="correct"><marker>A vossa opinião</marker> é importante.</example>
	  <example type="correct">A maioria de vocês.</example>
	</rule>



    <!-- À BOCADO há bocado -->
    <rule id="À_BOCADO" name="há bocado">
      <pattern>
        <token>à</token>
        <token>bocado</token>
      </pattern>
      <message>Substituir «à bocado» por <suggestion>há bocado</suggestion>.</message>
      <example type="incorrect">Cheguei <marker>à bocado</marker> do Algarve.</example>
      <example type="correct">Cheguei <marker>há bocado</marker> do Algarve.</example>
    </rule>



    <!-- ABORDO DA a bordo da -->
    <rule id="ABORDO_DA" name="a bordo da">
      <pattern>
        <token>abordo</token>
        <token>da</token>
      </pattern>
      <message>Substituir «abordo da» por <suggestion>a bordo da</suggestion>.</message>
      <example type="incorrect">Vai uma pessoa importante <marker>abordo da</marker> fragata.</example>
      <example type="correct">Vai uma pessoa importante <marker>a bordo da</marker> fragata.</example>
    </rule>



    <!-- ABORDO DO a bordo do -->
    <rule id="ABORDO_DO" name="a bordo do">
      <pattern>
        <token>abordo</token>
        <token>do</token>
      </pattern>
      <message>Substituir «abordo do» por <suggestion>a bordo do</suggestion>.</message>
      <example type="incorrect">Vai uma pessoa importante <marker>abordo do</marker> avião.</example>
      <example type="correct">Vai uma pessoa importante <marker>a bordo do</marker> avião.</example>
    </rule>



    <!-- A PREÇO PELO apreço pelo -->
    <rule id="A_PREÇO_PELO" name="apreço pelo">
      <pattern>
        <token>a</token>
        <token>preço</token>
        <token>pelo</token>
      </pattern>
      <message>Substituir «a preço pelo» por <suggestion>apreço pelo</suggestion>.</message>
      <example type="incorrect">Tenho muito <marker>a preço pelo</marker> DVD.</example>
      <example type="correct">Tenho muito <marker>apreço pelo</marker> DVD.</example>
    </rule>



    <!-- A PREÇO POR apreço por -->
    <rule id="A_PREÇO_POR" name="apreço por">
      <pattern>
        <token>a</token>
        <token>preço</token>
        <token>por</token>
      </pattern>
      <message>Substituir «a preço por» por <suggestion>apreço por</suggestion>.</message>
      <example type="incorrect">Tenho muito <marker>a preço por</marker> ele.</example>
      <example type="correct">Tenho muito <marker>apreço por</marker> ele.</example>
    </rule>



    <!-- A BRACELETE o bracelete -->
    <rule id="A_BRACELETE" name="o bracelete">
      <pattern>
        <token>a</token>
        <token>bracelete</token>
      </pattern>
      <message>Substituir «a bracelete» por <suggestion>o bracelete</suggestion>.</message>
      <example type="incorrect">Coloca <marker>a bracelete</marker>.</example>
      <example type="correct">Coloca <marker>o bracelete</marker>.</example>
    </rule>



    <!-- À MAIS EM há mais em -->
    <rule id="À_MAIS_EM" name="há mais em">
      <pattern>
        <token>à</token>
        <token>mais</token>
        <token>em</token>        
      </pattern>
      <message>Substituir «à mais em» por <suggestion>há mais em</suggestion>.</message>
      <example type="incorrect">Amanhã <marker>à mais em</marker> jogo.</example>
      <example type="correct">Amanhã <marker>há mais em</marker> jogo.</example>
    </rule>



    <!-- À MEIA NOITE à meia-noite -->
    <rule id="À_MEIA_NOITE" name="à meia-noite">
      <pattern>
        <token>à</token>
        <token>meia</token>
        <token>noite</token>        
      </pattern>
      <message>Substituir «à meia noite» por <suggestion>à meia-noite</suggestion>.</message>
      <example type="incorrect">O encontro é <marker>à meia noite</marker>.</example>
      <example type="correct">O encontro é <marker>à meia-noite</marker>.</example>
    </rule>
    
    

    <!-- À MUITO há muito -->
    <rule id="À_MUITO" name="há muito">
      <pattern>
        <token>à</token>
        <token>muito</token>
      </pattern>
      <message>Substituir «à muito» por <suggestion>há muito</suggestion>.</message>
      <example type="incorrect">Ainda <marker>à muito</marker> a fazer.</example>
      <example type="correct">Ainda <marker>há muito</marker> a fazer.</example>
    </rule>



    <!-- À QUE há que -->
    <rule id="À_QUE" name="há que">
      <pattern>
        <token>à</token>
        <token>que</token>
      </pattern>
      <message>Substituir «à que» por <suggestion>há que</suggestion>.</message>
      <example type="incorrect">Mas <marker>à que</marker> saber estudar.</example>
      <example type="correct">Mas <marker>há que</marker> saber estudar.</example>
    </rule>



    <!-- À ÚLTIMA DA HORA à última hora -->
    <rule id="À_ÚLTIMA_DA_HORA" name="à última hora">
      <pattern>
        <token>à</token>
        <token>última</token>
        <token>da</token>
        <token>hora</token>
      </pattern>
      <message>Substituir «à última da hora» por <suggestion>à última hora</suggestion>.</message>
      <example type="incorrect">Eles decidiram tudo <marker>à última da hora</marker>.</example>
      <example type="correct">Eles decidiram tudo <marker>à última hora</marker>.</example>
    </rule>



    <!-- ANTI VÍRUS antivírus -->
    <rule id="ANTI_VÍRUS" name="antivírus">
      <pattern>
        <token>anti</token>
        <token>vírus</token>
      </pattern>
      <message>Substituir «anti vírus» por <suggestion>antivírus</suggestion>.</message>
      <example type="incorrect">Actualiza sempre o <marker>anti vírus</marker>.</example>
      <example type="correct">Actualiza sempre o <marker>antivírus</marker>.</example>
    </rule>



    <!-- AO MEU VER a meu ver -->
    <rule id="AO_MEU_VER" name="a meu ver">
      <pattern>
        <token>ao</token>
        <token>meu</token>
        <token>ver</token>
      </pattern>
      <message>Substituir «ao meu ver» por <suggestion>a meu ver</suggestion>.</message>
      <example type="incorrect">Isto é, <marker>ao meu ver</marker>, muito importante.</example>
      <example type="correct">Isto é, <marker>a meu ver</marker>, muito importante.</example>
    </rule>



    <!-- AS BRACELETES os braceletes -->
    <rule id="AS_BRACELETES" name="os braceletes">
      <pattern>
        <token>as</token>
        <token>braceletes</token>
      </pattern>
      <message>Substituir «as braceletes» por <suggestion>os braceletes</suggestion>.</message>
      <example type="incorrect">Coloca <marker>as braceletes</marker>.</example>
      <example type="correct">Coloca <marker>os braceletes</marker>.</example>
    </rule>
 


    <!-- AFIM DE a fim de -->
    <rule id="AFIM_DE" name="a fim de">
      <pattern>
        <token>afim</token>
        <token>de</token>
      </pattern>
      <message>Substituir «afim de» por <suggestion>a fim de</suggestion>.</message>
      <example type="incorrect">Isto é feito <marker>afim de</marker> proteger as testemunhas.</example>
      <example type="correct">Isto é feito <marker>a fim de</marker> proteger as testemunhas.</example>
    </rule>



    <!-- A UM CONSERTO a um concerto -->
    <rule id="A_UM_CONSERTO" name="a um concerto">
      <pattern>
        <token>a</token>
        <token>um</token>
        <token>conserto</token>
      </pattern>
      <message>Substituir «a um conserto» por <suggestion>a um concerto</suggestion>.</message>
      <example type="incorrect">Vou <marker>a um conserto</marker>.</example>
      <example type="correct">Vou <marker>a um concerto</marker>.</example>
    </rule>



    <!-- ANTES DE QUE antes que -->
    <rule id="ANTES_DE_QUE" name="antes que">
      <pattern>
        <token>antes</token>
        <token>de</token>
        <token>que</token>
      </pattern>
      <message>Substituir «antes de que» por <suggestion>antes que</suggestion>.</message>
      <example type="incorrect">Tratar de algo <marker>antes de que</marker> seja tarde.</example>
      <example type="correct">Tratar de algo <marker>antes que</marker> seja tarde.</example>
    </rule>



    <!-- A QUANDO aquando -->
    <rule id="A_QUANDO" name="aquando">
      <pattern>
        <token>a</token>
        <token>quando</token>
      </pattern>
      <message>Substituir «a quando» por <suggestion>aquando</suggestion>.</message>
      <example type="incorrect">Vamos tratar disso <marker>a quando</marker> da ida do Rui.</example>
      <example type="correct">Vamos tratar disso <marker>aquando</marker> da ida do Rui.</example>
    </rule>



    <!-- AO MEIO DIA ao meio-dia -->
    <rule id="AO_MEIO_DIA" name="ao meio-dia">
      <pattern>
        <token>ao</token>
        <token>meio</token>
        <token>dia</token>
      </pattern>
      <message>Substituir «ao meio dia» por <suggestion>ao meio-dia</suggestion>.</message>
      <example type="incorrect">O encontro é amanhã <marker>ao meio dia</marker>.</example>
      <example type="correct">O encontro é amanhã <marker>ao meio-dia</marker>.</example>
    </rule>



    <!-- AO SEREM USADO ao serem usados -->
    <rule id="AO_SEREM_USADO" name="ao serem usados">
      <pattern>
        <token>ao</token>
        <token>serem</token>
        <token>usado</token>
      </pattern>
      <message>Substituir «ao serem usado» por <suggestion>ao serem usados</suggestion>.</message>
      <example type="incorrect">Há produtos que <marker>ao serem usado</marker> fazem-nos sentir bem.</example>
      <example type="correct">Há produtos que <marker>ao serem usados</marker> fazem-nos sentir bem.</example>
    </rule>



    <!-- AS MILHARES os milhares -->
    <rule id="AS_MILHARES" name="os milhares">
      <pattern>
        <token>as</token>
        <token>milhares</token>
      </pattern>
      <message>Substituir «as milhares» por <suggestion>os milhares</suggestion>.</message>
      <example type="incorrect">Vejam <marker>as milhares</marker> de mulheres.</example>
      <example type="correct">Vejam <marker>os milhares</marker> de mulheres.</example>
    </rule>



    <!-- ATAQUES EM MASSA ataques em grande escala -->
    <rule id="ATAQUES_EM_MASSA" name="ataques em grande escala">
      <pattern>
        <token>ataques</token>
        <token>em</token>
        <token>massa</token>
      </pattern>
      <message>Substituir «ataques em massa» por <suggestion>ataques em grande escala</suggestion>.</message>
      <example type="incorrect">As botnets fazem <marker>ataques em massa</marker>.</example>
      <example type="correct">As botnets fazem <marker>ataques em grande escala</marker>.</example>
    </rule>



    <!-- ATÉ MANHÃ até amanhã -->
    <rule id="ATÉ_MANHÃ" name="até amanhã">
      <pattern>
        <token>até</token>
        <token>manhã</token>
      </pattern>
      <message>Substituir «até manhã» por <suggestion>até amanhã</suggestion>.</message>
      <example type="incorrect">Boa noite e <marker>até manhã</marker> cedo.</example>
      <example type="correct">Boa noite e <marker>até amanhã</marker> cedo.</example>
    </rule>



    <!-- CENTENAS DE MILHAR centenas de milhares -->
    <rule id="CENTENAS_DE_MILHAR" name="centenas de milhares">
      <pattern>
        <token>centenas</token>
        <token>de</token>
        <token>milhar</token>
      </pattern>
      <message>Substituir «centenas de milhar» por <suggestion>centenas de milhares</suggestion>.</message>
      <example type="incorrect">Existem várias <marker>centenas de milhar</marker> de militantes.</example>
      <example type="correct">Existem várias <marker>centenas de milhares</marker> de militantes.</example>
    </rule>



    <!-- COCA COLA coca-cola -->
    <rule id="COCA_COLA" name="coca-cola">
      <pattern>
        <token>coca</token>
        <token>cola</token>
      </pattern>
      <message>Substituir «coca cola» por <suggestion>Coca-Cola</suggestion>.</message>
      <example type="incorrect">Bebo <marker>Coca Cola</marker> regularmente.</example>
      <example type="correct">Bebo <marker>Coca-Cola</marker> regularmente.</example>
    </rule>



    <!-- COMER O ALMOÇO almoçar -->
    <rule id="COMER_O_ALMOÇO" name="almoçar">
      <pattern>
        <token>comer</token>
        <token>o</token>
        <token>almoço</token>
      </pattern>
      <message>Substituir «comer o almoço» por <suggestion>almoçar</suggestion>.</message>
      <example type="incorrect">Vou <marker>comer o almoço</marker> daqui a pouco.</example>
      <example type="correct">Vou <marker>almoçar</marker> daqui a pouco.</example>
    </rule>



    <!-- CONTRA PARTIDA contrapartida -->
    <rule id="CONTRA_PARTIDA" name="contrapartida">
      <pattern>
        <token>contra</token>
        <token>partida</token>
      </pattern>
      <message>Substituir «contra partida» por <suggestion>contrapartida</suggestion>.</message>
      <example type="incorrect">A <marker>contra partida</marker> é grande.</example>
      <example type="correct">A <marker>contrapartida</marker> é grande.</example>
    </rule>



    <!-- COR DE ROSA cor-de-rosa -->
    <rule id="COR_DE_ROSA" name="cor-de-rosa">
      <pattern>
        <token>cor</token>
        <token>de</token>
        <token>rosa</token>
      </pattern>
      <message>Substituir «cor de rosa» por <suggestion>cor-de-rosa</suggestion>.</message>
      <example type="incorrect">A blusa é <marker>cor de rosa</marker>.</example>
      <example type="correct">A blusa é <marker>cor-de-rosa</marker>.</example>
    </rule>



    <!-- CUJO O cujo -->
    <rule id="CUJO_O" name="cujo">
      <pattern>
        <token>cujo</token>
        <token>o</token>
      </pattern>
      <message>Substituir «cujo o» por <suggestion>cujo</suggestion>.</message>
      <example type="incorrect">O autor <marker>cujo o</marker> livro foi um best-seller.</example>
      <example type="correct">O autor <marker>cujo</marker> livro foi um best-seller.</example>
    </rule>



    <!-- DAR OS BONS DIAS dar os bons-dias -->
    <rule id="DAR_OS_BONS_DIAS" name="dar os bons-dias">
      <pattern>
        <token>dar</token>
        <token>os</token>
        <token>bons</token>
        <token>dias</token>
      </pattern>
      <message>Substituir «dar os bons dias» por <suggestion>dar os bons-dias</suggestion>.</message>
      <example type="incorrect">Vou <marker>dar os bons dias</marker> ao Miguel.</example>
      <example type="correct">Vou <marker>dar os bons-dias</marker> ao Miguel.</example>
    </rule>



    <!-- DATA LIMITE data-limite -->
    <rule id="DATA_LIMITE" name="data-limite">
      <pattern>
        <token>data</token>
        <token>limite</token>
      </pattern>
      <message>Substituir «data limite» por <suggestion>data-limite</suggestion>.</message>
      <example type="incorrect">O iogurte passou da <marker>data limite</marker>.</example>
      <example type="correct">O iogurte passou da <marker>data-limite</marker>.</example>
    </rule>



    <!-- DEVE DE deve -->
    <rule id="DEVE_DE" name="deve">
      <pattern>
        <token>deve</token>
        <token>de</token>
      </pattern>
      <message>Substituir «deve de» por <suggestion>deve</suggestion>.</message>
      <example type="incorrect">Ele <marker>deve de</marker> vir mais tarde.</example>
      <example type="correct">Ele <marker>deve</marker> vir mais tarde.</example>
    </rule>



    <!-- DE CERTO decerto -->
    <rule id="DE_CERTO" name="decerto">
      <pattern>
        <token>de</token>
        <token>certo</token>
      </pattern>
      <message>Substituir «de certo» por <suggestion>decerto</suggestion>.</message>
      <example type="incorrect">Isso irá <marker>de certo</marker> lesar os trabalhadores.</example>
      <example type="correct">Isso irá <marker>decerto</marker> lesar os trabalhadores.</example>
    </rule>



    <!-- DE FORMA A QUE de forma a que -->
    <rule id="DE_FORMA_A_QUE" name="para que">
      <pattern>
        <token>de</token>
        <token>forma</token>
        <token>a</token>
        <token>que</token>
      </pattern>
      <message>Substituir «de forma a que» por <suggestion>para que</suggestion>.</message>
      <example type="incorrect">Isto é feito <marker>de forma a que</marker> os cidadãos possam ser livres.</example>
      <example type="correct">Isto é feito <marker>para que</marker> os cidadãos possam ser livres.</example>
    </rule>



     <!-- DE MANEIRA A QUE de maneira que -->
    <rule id="DE_MANEIRA_A_QUE" name="de maneira que">
      <pattern>
        <token>de</token>
        <token>maneira</token>
        <token>a</token>
        <token>que</token>
      </pattern>
      <message>Substituir «de maneira a que» por <suggestion>de maneira que</suggestion>.</message>
      <example type="incorrect">Isto é feito <marker>de maneira a que</marker> os cidadãos possam ser livres.</example>
      <example type="correct">Isto é feito <marker>de maneira que</marker> os cidadãos possam ser livres.</example>
    </rule>



      <!-- DE MODO A QUE de modo que -->
    <rule id="DE_MODO_A_QUE" name="de modo que">
      <pattern>
        <token>de</token>
        <token>modo</token>
        <token>a</token>
        <token>que</token>
      </pattern>
      <message>Substituir «de modo a que» por <suggestion>de modo que</suggestion>.</message>
      <example type="incorrect">Isto é feito <marker>de modo a que</marker> os cidadãos possam ser livres.</example>
      <example type="correct">Isto é feito <marker>de modo que</marker> os cidadãos possam ser livres.</example>
    </rule>



    <!-- DE VÊS EM QUANDO de vez em quando -->
    <rule id="DE_VÊS_EM_QUANDO" name="de vez em quando">
      <pattern>
        <token>de</token>
        <token>vês</token>
        <token>em</token>
        <token>quando</token>
      </pattern>
      <message>Substituir «de vês em quando» por <suggestion>de vez em quando</suggestion>.</message>
      <example type="incorrect">Ela aparece <marker>de vês em quando</marker>.</example>
      <example type="correct">Ela aparece <marker>de vez em quando</marker>.</example>
    </rule>



    <!-- DIGO TE digo-te -->
    <rule id="DIGO_TE" name="digo-te">
      <pattern>
        <token>digo</token>
        <token>te</token>
      </pattern>
      <message>Substituir «digo te» por <suggestion>digo-te</suggestion>.</message>
      <example type="incorrect">Amanhã <marker>digo te</marker> o segredo.</example>
      <example type="correct">Amanhã <marker>digo-te</marker> o segredo.</example>
    </rule>



     <!-- DIVERTI ME diverti-me -->
    <rule id="DIVERTI_ME" name="diverti-me">
      <pattern>
        <token>diverti</token>
        <token>me</token>
      </pattern>
      <message>Substituir «diverti me» por <suggestion>diverti-me</suggestion>.</message>
      <example type="incorrect">Hoje <marker>diverti me</marker> imenso.</example>
      <example type="correct">Hoje <marker>diverti-me</marker> imenso.</example>
    </rule>



    <!-- DUM de um -->
    <rule id="DUM" name="de um">
      <pattern>
        <token>dum</token>
      </pattern>
      <message>Substituir «dum» por <suggestion>de um</suggestion>.</message>
      <example type="incorrect">A venda <marker>dum</marker> apartamento.</example>
      <example type="correct">A venda <marker>de um</marker> apartamento.</example>
    </rule>



    <!-- DUMA de uma -->
    <rule id="DUMA" name="de uma">
      <pattern>
        <token>duma</token>
      </pattern>
      <message>Substituir «duma» por <suggestion>de uma</suggestion>.</message>
      <example type="incorrect">A venda <marker>duma</marker> casa.</example>
      <example type="correct">A venda <marker>de uma</marker> casa.</example>
    </rule>



    <!-- EM UM num -->
    <rule id="EM_UM" name="num">
      <pattern>
        <token>em</token>
        <token>um</token>
      </pattern>
      <message>Substituir «em um» por <suggestion>num</suggestion>.</message>
      <example type="incorrect">Está <marker>em um</marker> armário.</example>
      <example type="correct">Está <marker>num</marker> armário.</example>
    </rule>



    <!-- EM UMA numa -->
    <rule id="EM_UMA" name="numa">
      <pattern>
        <token>em</token>
        <token>uma</token>
      </pattern>
      <message>Substituir «em uma» por <suggestion>numa</suggestion>.</message>
      <example type="incorrect">Está <marker>em uma</marker> gaveta.</example>
      <example type="correct">Está <marker>numa</marker> gaveta.</example>
    </rule>



    <!-- ENQUANTO QUE enquanto -->
    <rule id="ENQUANTO_QUE" name="enquanto">
      <pattern>
        <token>enquanto</token>
        <token>que</token>
      </pattern>
      <message>Substituir «enquanto que» por <suggestion>enquanto</suggestion>.</message>
      <example type="incorrect">O Miguel estudava <marker>enquanto que</marker> os amigos brincavam.</example>
      <example type="correct">O Miguel estudava <marker>enquanto</marker> os amigos brincavam.</example>
    </rule>



    <!-- ESTÁ ME está-me -->
    <rule id="ESTÁ_ME" name="está-me">
      <pattern>
        <token>está</token>
        <token>me</token>
      </pattern>
      <message>Substituir «está me» por <suggestion>está-me</suggestion>.</message>
      <example type="incorrect">O Miguel <marker>está me</marker> a ajudar.</example>
      <example type="correct">O Miguel <marker>está-me</marker> a ajudar.</example>
    </rule>



    <!-- ESTA MELHOR está melhor -->
    <rule id="ESTA_MELHOR" name="está melhor">
      <pattern>
        <token>esta</token>
        <token>melhor</token>
      </pattern>
      <message>Substituir «esta melhor» por <suggestion>está melhor</suggestion>.</message>
      <example type="incorrect">Assim <marker>esta melhor</marker> que no passado.</example>
      <example type="correct">Assim <marker>está melhor</marker> que no passado.</example>
    </rule>



    <!-- ESTÁ TÉCNICA esta técnica -->
    <rule id="ESTÁ_TÉCNICA" name="esta técnica">
      <pattern>
        <token>está</token>
        <token>técnica</token>
      </pattern>
      <message>Substituir «está técnica» por <suggestion>esta técnica</suggestion>.</message>
      <example type="incorrect">Os primeiros a usar <marker>está técnica</marker> foram eles.</example>
      <example type="correct">Os primeiros a usar <marker>esta técnica</marker> foram eles.</example>
    </rule>



    <!-- ESTAS MELHOR estás melhor -->
    <rule id="ESTAS_MELHOR" name="estás melhor">
      <pattern>
        <token>estas</token>
        <token>melhor</token>
      </pattern>
      <message>Substituir «estas melhor» por <suggestion>estás melhor</suggestion>.</message>
      <example type="incorrect">Assim <marker>estas melhor</marker>.</example>
      <example type="correct">Assim <marker>estás melhor</marker>.</example>
    </rule>



    <!-- EXISTE MUITAS existem muitas -->
    <rule id="EXISTE_MUITAS" name="existem muitas">
      <pattern>
        <token>existe</token>
        <token>muitas</token>
      </pattern>
      <message>Substituir «existe muitas» por <suggestion>existem muitas</suggestion>.</message>
      <example type="incorrect">Na vida <marker>existe muitas</marker> coisas boas.</example>
      <example type="correct">Na vida <marker>existem muitas</marker> coisas boas.</example>
    </rule>



    <!-- E MAS TARDE e mais tarde -->
    <rule id="E_MAS_TARDE" name="e mais tarde">
      <pattern>
        <token>e</token>
        <token>mas</token>
        <token>tarde</token>
      </pattern>
      <message>Substituir «e mas tarde» por <suggestion>e mais tarde</suggestion>.</message>
      <example type="incorrect">As mulheres engravidam menos <marker>e mas tarde</marker>.</example>
      <example type="correct">As mulheres engravidam menos <marker>e mais tarde</marker>.</example>
    </rule>



    <!-- FEBRE AMARELA febre-amarela -->
    <rule id="FEBRE_AMARELA" name="febre-amarela">
      <pattern>
        <token>febre</token>
        <token>amarela</token>
      </pattern>
      <message>Substituir «febre amarela» por <suggestion>febre-amarela</suggestion>.</message>
      <example type="incorrect">A <marker>febre amarela</marker> é uma doença viral.</example>
      <example type="correct">A <marker>febre-amarela</marker> é uma doença viral.</example>
    </rule>



    <!-- FIM DE SEMANA fim-de-semana -->
    <rule id="FIM_DE_SEMANA" name="fim-de-semana">
      <pattern>
        <token>fim</token>
        <token>de</token>
        <token>semana</token>
      </pattern>
      <message>Substituir «fim de semana» por <suggestion>fim-de-semana</suggestion>.</message>
      <example type="incorrect">No <marker>fim de semana</marker> fui andar de bicicleta.</example>
      <example type="correct">No <marker>fim-de-semana</marker> fui andar de bicicleta.</example>
    </rule>



    <!-- FOI ACEITADA foi aceite -->
    <rule id="FOI_ACEITADA" name="foi aceite">
      <pattern>
        <token>foi</token>
        <token>aceitada</token>
      </pattern>
      <message>Substituir «foi aceitada» por <suggestion>foi aceite</suggestion>.</message>
      <example type="incorrect">A proposta <marker>foi aceitada</marker> hoje.</example>
      <example type="correct">A proposta <marker>foi aceite</marker> hoje.</example>
    </rule>



    <!-- FOI ACEITADO foi aceite -->
    <rule id="FOI_ACEITADO" name="foi aceite">
      <pattern>
        <token>foi</token>
        <token>aceitado</token>
      </pattern>
      <message>Substituir «foi aceitado» por <suggestion>foi aceite</suggestion>.</message>
      <example type="incorrect">O acordo <marker>foi aceitado</marker> hoje.</example>
      <example type="correct">O acordo <marker>foi aceite</marker> hoje.</example>
    </rule>



    <!-- FOI SOU UM foi só um -->
    <rule id="FOI_SOU_UM" name="foi só um">
      <pattern>
        <token>foi</token>
        <token>sou</token>
        <token>um</token>
      </pattern>
      <message>Substituir «foi sou um» por <suggestion>foi só um</suggestion>.</message>
      <example type="incorrect">Na realidade <marker>foi sou um</marker> esquecimento.</example>
      <example type="correct">Na realidade <marker>foi só um</marker> esquecimento.</example>
    </rule>



    <!-- FOI SOU UMA foi só uma -->
    <rule id="FOI_SOU_UMA" name="foi só uma">
      <pattern>
        <token>foi</token>
        <token>sou</token>
        <token>uma</token>
      </pattern>
      <message>Substituir «foi sou uma» por <suggestion>foi só uma</suggestion>.</message>
      <example type="incorrect">Na realidade <marker>foi sou uma</marker> falha.</example>
      <example type="correct">Na realidade <marker>foi só uma</marker> falha.</example>
    </rule>



    <!-- FURTO DE IDENTIDADE usurpação de identidade -->
    <rule id="FURTO_DE_IDENTIDADE" name="usurpação de identidade">
      <pattern>
        <token>furto</token>
        <token>de</token>
        <token>identidade</token>
      </pattern>
      <message>Substituir «furto de identidade» por <suggestion>usurpação de identidade</suggestion>.</message>
      <example type="incorrect">É comum ser alvo de <marker>furto de identidade</marker> na Internet.</example>
      <example type="correct">É comum ser alvo de <marker>usurpação de identidade</marker> na Internet.</example>
    </rule>



    <!-- GOSTO DE QUE gosto que -->
    <rule id="GOSTO_DE_QUE" name="gosto que">
      <pattern>
        <token>gosto</token>
        <token>de</token>
        <token>que</token>
      </pattern>
      <message>Substituir «gosto de que» por <suggestion>gosto que</suggestion>.</message>
      <example type="incorrect">Nem sempre <marker>gosto de que</marker> me ensinem.</example>
      <example type="correct">Nem sempre <marker>gosto que</marker> me ensinem.</example>
    </rule>



    <!-- HÁS VEZES às vezes -->
    <rule id="HÁS_VEZES" name="às vezes">
      <pattern>
        <token>hás</token>
        <token>vezes</token>
      </pattern>
      <message>Substituir «hás vezes» por <suggestion>às vezes</suggestion>.</message>
      <example type="incorrect">É que <marker>hás vezes</marker> temos de tomar decisões.</example>
      <example type="correct">É que <marker>às vezes</marker> temos de tomar decisões.</example>
    </rule>



    <!-- HOUVERAM MUITOS houve muitos -->
    <rule id="HOUVERAM_MUITOS" name="houve muitos">
      <pattern>
        <token>houveram</token>
        <token>muitos</token>
      </pattern>
      <message>Substituir «houveram muitos» por <suggestion>houve muitos</suggestion>.</message>
      <example type="incorrect">No passado <marker>houveram muitos</marker> muitos acidentes.</example>
      <example type="correct">No passado <marker>houve muitos</marker> muitos acidentes.</example>
    </rule>



    <!-- IR NA PRAIA ir à praia -->
    <rule id="IR_NA_PRAIA" name="ir à praia">
      <pattern>
        <token>ir</token>
        <token>na</token>
        <token>praia</token>
      </pattern>
      <message>Substituir «na» por <suggestion>à</suggestion>.</message>
      <example type="incorrect">Tenho de <marker>ir na praia</marker>.</example>
      <example type="correct">Tenho de <marker>ir à praia</marker>.</example>
    </rule>



    <!-- IR NO GINÁSIO ir ao ginásio -->
    <rule id="IR_NO_GINÁSIO" name="ir ao ginásio">
      <pattern>
        <token>ir</token>
        <token>no</token>
        <token>ginásio</token>
      </pattern>
      <message>Substituir «no» por <suggestion>ao</suggestion>.</message>
      <example type="incorrect">Tenho de <marker>ir no ginásio</marker>.</example>
      <example type="correct">Tenho de <marker>ir ao ginásio</marker>.</example>
    </rule>



    <!-- MAIS GRANDE maior -->
    <rule id="MAIS_GRANDE" name="maior">
      <pattern>
        <token>mais</token>
        <token>grande</token>
      </pattern>
      <message>Substituir «mais grande» por <suggestion>maior</suggestion>.</message>
      <example type="incorrect">Aquele artigo é <marker>mais grande</marker> que o outro.</example>
      <example type="correct">Aquele artigo é <marker>maior</marker> que o outro.</example>
    </rule>



    <!-- MAS E SIM mas é sim -->
    <rule id="MAS_E_SIM" name="mas é sim">
      <pattern>
        <token>mas</token>
        <token>e</token>
        <token>sim</token>
      </pattern>
      <message>Substituir «mas e sim» por <suggestion>mas é sim</suggestion>.</message>
      <example type="incorrect">Muitos desconfiavam, <marker>mas e sim</marker> possível.</example>
      <example type="correct">Muitos desconfiavam, <marker>mas é sim</marker> possível.</example>
    </rule>



    <!-- MATÉRIA PRIMA matéria-prima -->
    <rule id="MATÉRIA_PRIMA" name="matéria-prima">
      <pattern>
        <token>matéria</token>
        <token>prima</token>
      </pattern>
      <message>Substituir «matéria prima» por <suggestion>matéria-prima</suggestion>.</message>
      <example type="incorrect">Os dados são a <marker>matéria prima</marker> da Informação.</example>
      <example type="correct">Os dados são a <marker>matéria-prima</marker> da Informação.</example>
    </rule>



    <!-- MEIO AMBIENTE meio-ambiente -->
    <rule id="MEIO_AMBIENTE" name="meio-ambiente">
      <pattern>
        <token>meio</token>
        <token>ambiente</token>
      </pattern>
      <message>Substituir «meio ambiente» por <suggestion>meio-ambiente</suggestion>.</message>
      <example type="incorrect">Preservar o <marker>meio ambiente</marker> é importante.</example>
      <example type="correct">Preservar o <marker>meio-ambiente</marker> é importante.</example>
    </rule>



    <!-- MEIA LOUCA meio louca -->
    <rule id="MEIA_LOUCA" name="meio louca">
      <pattern>
        <token>meia</token>
        <token>louca</token>
      </pattern>
      <message>Substituir «meia louca» por <suggestion>meio louca</suggestion>.</message>
      <example type="incorrect">A Ana é <marker>meia louca</marker>.</example>
      <example type="correct">A Ana é <marker>meio louca</marker>.</example>
    </rule>



    <!-- MUITO PELO É muito pêlo é -->
    <rule id="MUITO_PELO_É" name="muito pêlo é">
      <pattern>
        <token>muito</token>
        <token>pelo</token>
        <token>é</token>
      </pattern>
      <message>Substituir «muito pelo é» por <suggestion>muito pêlo é</suggestion>.</message>
      <example type="incorrect">Para quem tem animais com <marker>muito pelo é</marker> bom.</example>
      <example type="correct">Para quem tem animais com <marker>muito pêlo é</marker> bom.</example>
    </rule>



    <!-- MULHER CARTEIRO carteira -->
    <rule id="MULHER_CARTEIRO" name="carteira">
      <pattern>
        <token>mulher</token>
        <token>carteiro</token>
      </pattern>
      <message>Substituir «mulher carteiro» por <suggestion>carteira</suggestion>.</message>
      <example type="incorrect">A Ana é <marker>mulher carteiro</marker>.</example>
      <example type="correct">A Ana é <marker>carteira</marker>.</example>
    </rule>



    <!-- NÃO ESTA FÁCIL não está fácil -->
    <rule id="NÃO_ESTA_FÁCIL" name="não está fácil">
      <pattern>
        <token>não</token>
        <token>esta</token>
        <token>fácil</token>
      </pattern>
      <message>Substituir «não esta fácil» por <suggestion>não está fácil</suggestion>.</message>
      <example type="incorrect">A vida <marker>não esta fácil</marker> para a população mundial.</example>
      <example type="correct">A vida <marker>não está fácil</marker> para a população mundial.</example>
    </rule>



    <!-- NESTA CASO neste caso -->
    <rule id="NESTA_CASO" name="neste caso">
      <pattern>
        <token>nesta</token>
        <token>caso</token>
      </pattern>
      <message>Substituir «nesta caso» por <suggestion>neste caso</suggestion>.</message>
      <example type="incorrect">Quem está errado <marker>nesta caso</marker> é o Miguel.</example>
      <example type="correct">Quem está errado <marker>neste caso</marker> é o Miguel.</example>
    </rule>



    <!-- NO FAZ FALTA não faz falta -->
    <rule id="NO_FAZ_FALTA" name="não faz falta">
      <pattern>
        <token>no</token>
        <token>faz</token>
        <token>falta</token>
      </pattern>
      <message>Substituir «no faz falta» por <suggestion>não faz falta</suggestion>.</message>
      <example type="incorrect">Isso <marker>no faz falta</marker> às pessoas.</example>
      <example type="correct">Isso <marker>não faz falta</marker> às pessoas.</example>
    </rule>



    <!-- NUM SEI não sei -->
    <rule id="NUM_SEI" name="não sei">
      <pattern>
        <token>num</token>
        <token>sei</token>
      </pattern>
      <message>Substituir «num sei» por <suggestion>não sei</suggestion>.</message>
      <example type="incorrect">Como podes ver, <marker>num sei</marker> a resposta.</example>
      <example type="correct">Como podes ver, <marker>não sei</marker> a resposta.</example>
    </rule>



    <!-- O À VONTADE o à-vontade -->
    <rule id="O_À_VONTADE" name="o à-vontade">
      <pattern>
        <token>o</token>
        <token>à</token>
        <token>vontade</token>
      </pattern>
      <message>Substituir «o à vontade» por <suggestion>o à-vontade</suggestion>.</message>
      <example type="incorrect">É verdade que <marker>o à vontade</marker> do actor surpreendeu-me.</example>
      <example type="correct">É verdade que <marker>o à-vontade</marker> do actor surpreendeu-me.</example>
    </rule>



    <!-- O CONTROLE o controlo -->
    <rule id="O_CONTROLE" name="o controlo">
      <pattern>
        <token>o</token>
        <token>controle</token>
      </pattern>
      <message>Substituir «o controle» por <suggestion>o controlo</suggestion>.</message>
      <example type="incorrect">Perderam <marker>o controle</marker> da situação.</example>
      <example type="correct">Perderam <marker>o controlo</marker> da situação.</example>
    </rule>



    <!-- O o -->
    <rule id="O_O" name="o">
      <pattern>
        <token>o</token>
        <token>o</token>
      </pattern>
      <message>Substituir «o o» por <suggestion>o</suggestion>.</message>
      <example type="incorrect">Tenho <marker>o o</marker> encontro marcado.</example>
      <example type="correct">Tenho <marker>o</marker> encontro marcado.</example>
    </rule>



    <!-- PALAVRAS CHAVE palavras-chave -->
    <rule id="PALAVRAS_CHAVE" name="palavras-chave">
      <pattern>
        <token>palavras</token>
        <token>chave</token>
      </pattern>
      <message>Substituir «palavras chave» por <suggestion>palavras-chave</suggestion>.</message>
      <example type="incorrect">Escolhe as <marker>palavras chave</marker> o melhor possível.</example>
      <example type="correct">Escolhe as <marker>palavras-chave</marker> o melhor possível.</example>
    </rule>



    <!-- PARA DE pára de -->
    <rule id="PARA_DE" name="pára de">
      <pattern>
        <token>para</token>
        <token>de</token>
      </pattern>
      <message>Substituir «para de» por <suggestion>pára de</suggestion>.</message>
      <example type="incorrect">Por favor <marker>para de</marker> me aborrecer.</example>
      <example type="correct">Por favor <marker>pára de</marker> me aborrecer.</example>
    </rule>



    <!-- PARA FICA para ficar -->
    <rule id="PARA_FICA" name="para ficar">
      <pattern>
        <token>para</token>
        <token>fica</token>
      </pattern>
      <message>Substituir «para fica» por <suggestion>para ficar</suggestion>.</message>
      <example type="incorrect">Esforça-te <marker>para fica</marker> bem.</example>
      <example type="correct">Esforça-te <marker>para ficar</marker> bem.</example>
    </rule>



    <!-- PEDIR UM CONCELHO pedir um conselho -->
    <rule id="PEDIR_UM_CONCELHO" name="pedir um conselho">
      <pattern>
        <token>pedir</token>
        <token>um</token>
        <token>concelho</token>
      </pattern>
      <message>Substituir «pedir um concelho» por <suggestion>pedir um conselho</suggestion>.</message>
      <example type="incorrect">Devemos <marker>pedir um concelho</marker> ao padre.</example>
      <example type="correct">Devemos <marker>pedir um conselho</marker> ao padre.</example>
    </rule>



    <!-- PODERIAM-SE poder-se-iam -->
    <rule id="PODERIAM-SE" name="poder-se-iam">
      <pattern>
        <token>poderiam-se</token>
      </pattern>
      <message>Substituir «poderiam-se» por <suggestion>poder-se-iam</suggestion>.</message>
      <example type="incorrect">Assim <marker>poderiam-se</marker> escrever livros sobre o assunto.</example>
      <example type="correct">Assim <marker>poder-se-iam</marker> escrever livros sobre o assunto.</example>
    </rule>



    <!-- POR CAUSA QUE porque -->
    <rule id="POR_CAUSA_QUE" name="porque">
      <pattern>
        <token>por</token>
        <token>causa</token>
        <token>que</token>
      </pattern>
      <message>Substituir «por causa que» por <suggestion>porque</suggestion>.</message>
      <example type="incorrect">Fiquei contente <marker>por causa que</marker> ninguém se feriu.</example>
      <example type="correct">Fiquei contente <marker>porque</marker> ninguém se feriu.</example>
    </rule>



    <!-- POR DINHEIRO E PUDER por dinheiro e poder -->
    <rule id="POR_DINHEIRO_E_PUDER" name="por dinheiro e poder">
      <pattern>
        <token>por</token>
        <token>dinheiro</token>
        <token>e</token>
        <token>puder</token>
      </pattern>
      <message>Substituir «por dinheiro e puder» por <suggestion>por dinheiro e poder</suggestion>.</message>
      <example type="incorrect">Eles fazem tudo <marker>por dinheiro e puder</marker>.</example>
      <example type="correct">Eles fazem tudo <marker>por dinheiro e poder</marker>.</example>
    </rule>



    <!-- POR FORMA A QUE para que -->
    <rule id="POR_FORMA_A_QUE" name="para que">
      <pattern>
        <token>por</token>
        <token>forma</token>
        <token>a</token>
        <token>que</token>
      </pattern>
      <message>Substituir «por forma a que» por <suggestion>para que</suggestion>.</message>
      <example type="incorrect">Isto é feito <marker>por forma a que</marker> os cidadãos possam ser livres.</example>
      <example type="correct">Isto é feito <marker>para que</marker> os cidadãos possam ser livres.</example>
    </rule>



    <!-- PRÉ AVISO pré-aviso -->
    <rule id="PRÉ_AVISO" name="pré-aviso">
      <pattern>
        <token>pré</token>
        <token>aviso</token>
      </pattern>
      <message>Substituir «pré aviso» por <suggestion>pré-aviso</suggestion>.</message>
      <example type="incorrect">O período de <marker>pré aviso</marker> é de uma semana.</example>
      <example type="correct">O período de <marker>pré-aviso</marker> é de uma semana.</example>
    </rule>



    <!-- QUANDO PODER quando puder -->
    <rule id="QUANDO_PODER" name="quando puder">
      <pattern>
        <token>quando</token>
        <token>poder</token>
      </pattern>
      <message>Substituir «quando poder» por <suggestion>quando puder</suggestion>.</message>
      <example type="incorrect">Irei lanchar <marker>quando poder</marker>.</example>
      <example type="correct">Irei lanchar <marker>quando puder</marker>.</example>
    </rule>



    <!-- QUARTEL GENERAL quartel-general -->
    <rule id="QUARTEL_GENERAL" name="quartel-general">
      <pattern>
        <token>quartel</token>
        <token>general</token>
      </pattern>
      <message>Substituir «quartel general» por <suggestion>quartel-general</suggestion>.</message>
      <example type="incorrect">Temos de ir ao <marker>quartel general</marker>.</example>
      <example type="correct">Temos de ir ao <marker>quartel-general</marker>.</example>
    </rule>



    <!-- QUEM NÃO ESTA quem não está -->
    <rule id="QUEM_NÃO_ESTA" name="quem não está">
      <pattern>
        <token>quem</token>
        <token>não</token>
        <token>esta</token>
      </pattern>
      <message>Substituir «quem não esta» por <suggestion>quem não está</suggestion>.</message>
      <example type="incorrect">Excelente para <marker>quem não esta</marker> doente.</example>
      <example type="correct">Excelente para <marker>quem não está</marker> doente.</example>
    </rule>



    <!-- SECRETÁRIO GERAL secretário-geral -->
    <rule id="SECRETÁRIO_GERAL" name="secretário-geral">
      <pattern>
        <token>secretário</token>
        <token>geral</token>
      </pattern>
      <message>Substituir «secretário geral» por <suggestion>Secretário-Geral</suggestion>.</message>
      <example type="incorrect">O <marker>secretário geral</marker> da ONU visitou o país.</example>
      <example type="correct">O <marker>Secretário-Geral</marker> da ONU visitou o país.</example>
    </rule>



    <!-- TAL VEZ talvez -->
    <rule id="TAL_VEZ" name="talvez">
      <pattern>
        <token>tal</token>
        <token>vez</token>
      </pattern>
      <message>Substituir «tal vez» por <suggestion>talvez</suggestion>.</message>
      <example type="incorrect">Amanhã <marker>tal vez</marker> seja possível.</example>
      <example type="correct">Amanhã <marker>talvez</marker> seja possível.</example>
    </rule>



    <!-- TOMARÁ LUGAR terá lugar -->
    <rule id="TOMARÁ_LUGAR" name="terá lugar">
      <pattern>
        <token>tomará</token>
        <token>lugar</token>
      </pattern>
      <message>Substituir «tomará lugar» por <suggestion>terá lugar</suggestion>.</message>
      <example type="incorrect">O evento <marker>tomará lugar</marker> em Lisboa.</example>
      <example type="correct">O evento <marker>terá lugar</marker> em Lisboa.</example>
    </rule>



    <!-- ULTRA SECRETA ultra-secreta -->
    <rule id="ULTRA_SECRETA" name="ultra-secreta">
      <pattern>
        <token>ultra</token>
        <token>secreta</token>
      </pattern>
      <message>Substituir «ultra secreta» por <suggestion>ultra-secreta</suggestion>.</message>
      <example type="incorrect">Aquela arma <marker>ultra secreta</marker> é perigosa.</example>
      <example type="correct">Aquela arma <marker>ultra-secreta</marker> é perigosa.</example>
    </rule>



    <!-- ULTRA SECRETO ultra-secreto -->
    <rule id="ULTRA_SECRETO" name="ultra-secreto">
      <pattern>
        <token>ultra</token>
        <token>secreto</token>
      </pattern>
      <message>Substituir «ultra secreto» por <suggestion>ultra-secreto</suggestion>.</message>
      <example type="incorrect">Aquele armamento <marker>ultra secreto</marker> é perigoso.</example>
      <example type="correct">Aquele armamento <marker>ultra-secreto</marker> é perigoso.</example>
    </rule>



    <!-- UM BAIXO-ASSINADO um abaixo-assinado -->
    <rule id="UM_BAIXO-ASSINADO" name="um abaixo-assinado">
      <pattern>
        <token>um</token>
        <token>baixo-assinado</token>
      </pattern>
      <message>Substituir «um baixo-assinado» por <suggestion>um abaixo-assinado</suggestion>.</message>
      <example type="incorrect">As pessoas fizeram <marker>um baixo-assinado</marker>.</example>
      <example type="correct">As pessoas fizeram <marker>um abaixo-assinado</marker>.</example>
    </rule>



    <!-- UM TERRÍVEL DOR uma terrível dor -->
    <rule id="UM_TERRÍVEL_DOR" name="uma terrível dor">
      <pattern>
        <token>um</token>
        <token>terrível</token>
        <token>dor</token>
      </pattern>
      <message>Substituir «um terrível dor» por <suggestion>uma terrível dor</suggestion>.</message>
      <example type="incorrect">Tenho <marker>um terrível dor</marker> de cabeça.</example>
      <example type="correct">Tenho <marker>uma terrível dor</marker> de cabeça.</example>
    </rule>



    <!-- VÍDEO CONFERÊNCIA videoconferência -->
    <rule id="VÍDEO_CONFERÊNCIA" name="videoconferência">
      <pattern>
        <token>vídeo</token>
        <token>conferência</token>
      </pattern>
      <message>Substituir «vídeo conferência» por <suggestion>videoconferência</suggestion>.</message>
      <example type="incorrect">Vou realizar uma <marker>vídeo conferência</marker> no Skype.</example>
      <example type="correct">Vou realizar uma <marker>videoconferência</marker> no Skype.</example>
    </rule>



    <!-- VIR ME VER vir-me ver -->
    <rule id="VIR_ME_VER" name="vir-me ver">
      <pattern>
        <token>vir</token>
        <token>me</token>
        <token>ver</token>
      </pattern>
      <message>Substituir «vir me ver» por <suggestion>vir-me ver</suggestion>.</message>
      <example type="incorrect">Quando puderes <marker>vir me ver</marker> ficarei contente.</example>
      <example type="correct">Quando puderes <marker>vir-me ver</marker> ficarei contente.</example>
    </rule>



</category>



<!--
  <category name="Estrangeirismos e latinismos">
    <rule id="BANNER" name="banner">
      <pattern>
        <token>banner</token>
      </pattern>
      <message>Verificar se os estrangeirismos/latinismos estão em itálico.</message>
      <example type="incorrect">O <marker>banner</marker> é bonito.</example>
      <example type="correct">O <marker>banner</marker> é bonito.</example>
    </rule>
  </category>


  <category name="Estrangeirismos e latinismos">
    <rule id="BANNERS" name="banners">
      <pattern>
        <token>banners</token>
      </pattern>
      <message>Verificar se os estrangeirismos/latinismos estão em itálico.</message>
      <example type="incorrect">Os <marker>banners</marker> são bonitos.</example>
      <example type="correct">Os <marker>banners</marker> são bonitos.</example>
    </rule>
  </category>


  <category name="Estrangeirismos e latinismos">
    <rule id="DESIGN" name="design">
      <pattern>
        <token>design</token>
      </pattern>
      <message>Verificar se os estrangeirismos/latinismos estão em itálico.</message>
      <example type="incorrect">O <marker>design</marker> está bonito.</example>
      <example type="correct">O <marker>design</marker> está bonito.</example>
    </rule>
  </category>


  <category name="Estrangeirismos e latinismos">
    <rule id="DOWNLOAD" name="download">
      <pattern>
        <token>download</token>
      </pattern>
      <message>Verificar se os estrangeirismos/latinismos estão em itálico.</message>
      <example type="incorrect">Vou fazer <marker>download</marker> de um ficheiro.</example>
      <example type="correct">Vou fazer <marker>download</marker> de um ficheiro.</example>
    </rule>
  </category>
     

  <category name="Estrangeirismos e latinismos">
    <rule id="E-MAIL" name="e-mail">
      <pattern>
        <token>e-mail</token>
      </pattern>
      <message>Verificar se os estrangeirismos/latinismos estão em itálico.</message>
      <example type="incorrect">O <marker>e-mail</marker> vai ser enviado.</example>
      <example type="correct">O <marker>e-mail</marker> vai ser enviado.</example>
    </rule>
  </category>


   <category name="Estrangeirismos e latinismos">
    <rule id="E-MAILS" name="e-mails">
      <pattern>
        <token>e-mails</token>
      </pattern>
      <message>Verificar se os estrangeirismos/latinismos estão em itálico.</message>
      <example type="incorrect">Os <marker>e-mails</marker> vão ser enviados.</example>
      <example type="correct">Os <marker>e-mails</marker> vão ser enviados.</example>
    </rule>
  </category>


   <category name="Estrangeirismos e latinismos">
    <rule id="FEEDBACK" name="feedback">
      <pattern>
        <token>feedback</token>
      </pattern>
      <message>Verificar se os estrangeirismos/latinismos estão em itálico.</message>
      <example type="incorrect">Espero o <marker>feedback</marker> do Professor.</example>
      <example type="correct">Espero o <marker>feedback</marker> do Professor.</example>
    </rule>
  </category>


   <category name="Estrangeirismos e latinismos">
    <rule id="FIREWALL" name="firewall">
      <pattern>
        <token>firewall</token>
      </pattern>
      <message>Verificar se os estrangeirismos/latinismos estão em itálico.</message>
      <example type="incorrect">A <marker>firewall</marker> está bem configurada.</example>
      <example type="correct">A <marker>firewall</marker> está bem configurada.</example>     
    </rule>
  </category>


   <category name="Estrangeirismos e latinismos">
    <rule id="FIREWALLS" name="firewalls">
      <pattern>
        <token>firewalls</token>
      </pattern>
      <message>Verificar se os estrangeirismos/latinismos estão em itálico.</message>
      <example type="incorrect">As <marker>firewalls</marker> estão bem configuradas.</example>
      <example type="correct">As <marker>firewalls</marker> estão bem configuradas.</example>
    </rule>
  </category>


   <category name="Estrangeirismos e latinismos">
    <rule id="FIRMWARE" name="firmware">
      <pattern>
        <token>firmware</token>
      </pattern>
      <message>Verificar se os estrangeirismos/latinismos estão em itálico.</message>
      <example type="incorrect">O <marker>firmware</marker> é o mais recente.</example>
      <example type="correct">O <marker>firmware</marker> é o mais recente.</example>     
    </rule>
  </category>


   <category name="Estrangeirismos e latinismos">
    <rule id="FRANCHISING" name="franchising">
      <pattern>
        <token>franchising</token>
      </pattern>
      <message>Verificar se os estrangeirismos/latinismos estão em itálico.</message>
      <example type="incorrect">O <marker>franchising</marker> é um bom negócio.</example>
      <example type="correct">O <marker>franchising</marker> é um bom negócio.</example>
    </rule>
  </category>


   <category name="Estrangeirismos e latinismos">
    <rule id="FRANCHISINGS" name="franchisings">
      <pattern>
        <token>franchisings</token>
      </pattern>
      <message>Verificar se os estrangeirismos/latinismos estão em itálico.</message>
      <example type="incorrect">Os <marker>franchisings</marker> são bons negócios.</example>
      <example type="correct">Os <marker>franchisings</marker> são bons negócios.</example>
    </rule>
  </category>


   <category name="Estrangeirismos e latinismos">
    <rule id="HACKER" name="hacker">
      <pattern>
        <token>hacker</token>
      </pattern>
      <message>Verificar se os estrangeirismos/latinismos estão em itálico.</message>
      <example type="incorrect">Aquele <marker>hacker</marker> é perigoso.</example>
      <example type="correct">Aquele <marker>hacker</marker> é perigoso.</example>    
    </rule>
  </category>


   <category name="Estrangeirismos e latinismos">
    <rule id="HACKERS" name="hackers">
      <pattern>
        <token>hackers</token>
      </pattern>
      <message>Verificar se os estrangeirismos/latinismos estão em itálico.</message>
      <example type="incorrect">Aqueles <marker>hackers</marker> são perigosos.</example>
      <example type="correct">Aqueles <marker>hackers</marker> são perigosos.</example>
    </rule>
  </category>


   <category name="Estrangeirismos e latinismos">
    <rule id="HOBBY" name="hobby">
      <pattern>
        <token>hobby</token>
      </pattern>
      <message>Verificar se os estrangeirismos/latinismos estão em itálico.</message>
      <example type="incorrect">Aquele <marker>hobby</marker> é engraçado.</example>
      <example type="correct">Aquele <marker>hobby</marker> é engraçado.</example>    
    </rule>
  </category>


   <category name="Estrangeirismos e latinismos">
    <rule id="KNOW-HOW" name="know-how">
      <pattern>
        <token>know-how</token>
      </pattern>
      <message>Verificar se os estrangeirismos/latinismos estão em itálico.</message>
      <example type="incorrect">O <marker>know-how</marker> empresarial deve ser partilhado.</example>
      <example type="correct">O <marker>know-how</marker> empresarial deve ser partilhado.</example>   
    </rule>
  </category>


   <category name="Estrangeirismos e latinismos">
    <rule id="LINK" name="link">
      <pattern>
        <token>link</token>
      </pattern>
      <message>Verificar se os estrangeirismos/latinismos estão em itálico.</message>
      <example type="incorrect">Tenho um <marker>link</marker> engraçado.</example>
      <example type="correct">Tenho um <marker>link</marker> engraçado.</example> 
    </rule>
  </category>


   <category name="Estrangeirismos e latinismos">
    <rule id="LINKS" name="links">
      <pattern>
        <token>links</token>
      </pattern>
      <message>Verificar se os estrangeirismos/latinismos estão em itálico.</message>
      <example type="incorrect">Tenho <marker>links</marker> engraçados.</example>
      <example type="correct">Tenho <marker>links</marker> engraçados.</example>
    </rule>
  </category>


   <category name="Estrangeirismos e latinismos">
    <rule id="MACROS" name="macros">
      <pattern>
        <token>macros</token>
      </pattern>
      <message>Verificar se os estrangeirismos/latinismos estão em itálico.</message>
      <example type="incorrect">Existem <marker>macros</marker> no documento.</example>
      <example type="correct">Existem <marker>macros</marker> no documento.</example>   
    </rule>
  </category>


   <category name="Estrangeirismos e latinismos">
    <rule id="MALWARE" name="malware">
      <pattern>
        <token>malware</token>
      </pattern>
      <message>Verificar se os estrangeirismos/latinismos estão em itálico.</message>
      <example type="incorrect">O <marker>malware</marker> é perigoso.</example>
      <example type="correct">O <marker>malware</marker> é perigoso.</example>
    </rule>
  </category>


   <category name="Estrangeirismos e latinismos">
    <rule id="MOTHERBOARD" name="motherboard">
      <pattern>
        <token>motherboard</token>
      </pattern>
      <message>Verificar se os estrangeirismos/latinismos estão em itálico.</message>
      <example type="incorrect">A <marker>motherboard</marker> está avariada.</example>
      <example type="correct">A <marker>motherboard</marker> está avariada.</example>
    </rule>
  </category>


   <category name="Estrangeirismos e latinismos">
    <rule id="ON-LINE" name="on-line">
      <pattern>
        <token>on-line</token>
      </pattern>
      <message>Verificar se os estrangeirismos/latinismos estão em itálico.</message>
      <example type="incorrect">A página está <marker>on-line</marker>.</example>
      <example type="correct">A página está <marker>on-line</marker>.</example>
    </rule>
  </category>


   <category name="Estrangeirismos e latinismos">
    <rule id="PHISHING" name="phishing">
      <pattern>
        <token>phishing</token>
      </pattern>
      <message>Verificar se os estrangeirismos/latinismos estão em itálico.</message>
      <example type="incorrect">O <marker>phishing</marker> é um perigo.</example>
      <example type="correct">O <marker>phishing</marker> é um perigo.</example>
    </rule>
  </category>


   <category name="Estrangeirismos e latinismos">
    <rule id="SCRIPTS" name="scripts">
      <pattern>
        <token>scripts</token>
      </pattern>
      <message>Verificar se os estrangeirismos/latinismos estão em itálico.</message>
      <example type="incorrect">Existem <marker>scripts</marker> nos documentos.</example>
      <example type="correct">Existem <marker>scripts</marker> nos documentos.</example>   
    </rule>
  </category>


   <category name="Estrangeirismos e latinismos">
    <rule id="SOFTWARE" name="software">
      <pattern>
        <token>software</token>
      </pattern>
      <message>Verificar se os estrangeirismos/latinismos estão em itálico.</message>
      <example type="incorrect">O <marker>software</marker> é excelente.</example>
      <example type="correct">O <marker>software</marker> é excelente.</example>  
    </rule>
  </category>


   <category name="Estrangeirismos e latinismos">
    <rule id="SPYWARE" name="spyware">
      <pattern>
        <token>spyware</token>
      </pattern>
      <message>Verificar se os estrangeirismos/latinismos estão em itálico.</message>
      <example type="incorrect">O <marker>spyware</marker> é um perigo.</example>
      <example type="correct">O <marker>spyware</marker> é um perigo.</example>
    </rule>
  </category>


   <category name="Estrangeirismos e latinismos">
    <rule id="STANDARD" name="standard">
      <pattern>
        <token>standard</token>
      </pattern>
      <message>Verificar se os estrangeirismos/latinismos estão em itálico.</message>
      <example type="incorrect">O novo <marker>standard</marker> é o ideal.</example>
      <example type="correct">O novo <marker>standard</marker> é o ideal.</example>
    </rule>
  </category>


   <category name="Estrangeirismos e latinismos">
    <rule id="STRESS" name="stress">
      <pattern>
        <token>stress</token>
      </pattern>
      <message>Verificar se os estrangeirismos/latinismos estão em itálico.</message>
      <example type="incorrect">O <marker>stress</marker> é imenso.</example>
      <example type="correct">O <marker>stress</marker> é imenso.</example>     
    </rule>
  </category>


   <category name="Estrangeirismos e latinismos">
    <rule id="TROJAN" name="trojan">
      <pattern>
        <token>trojan</token>
      </pattern>
      <message>Verificar se os estrangeirismos/latinismos estão em itálico.</message>
      <example type="incorrect">Aquele <marker>trojan</marker> é um perigo.</example>
      <example type="correct">Aquele <marker>trojan</marker> é um perigo.</example>
    </rule>
  </category>


   <category name="Estrangeirismos e latinismos">
    <rule id="TROJANS" name="trojans">
      <pattern>
        <token>trojans</token>
      </pattern>
      <message>Verificar se os estrangeirismos/latinismos estão em itálico.</message>
      <example type="incorrect">Aqueles <marker>trojans</marker> são um perigo.</example>
      <example type="correct">Aqueles <marker>trojans</marker> são um perigo.</example>
    </rule>
  </category>


   <category name="Estrangeirismos e latinismos">
    <rule id="UPLOAD" name="upload">
      <pattern>
        <token>upload</token>
      </pattern>
      <message>Verificar se os estrangeirismos/latinismos estão em itálico.</message>
      <example type="incorrect">Vou fazer <marker>upload</marker> de um ficheiro.</example>
      <example type="correct">Vou fazer <marker>upload</marker> de um ficheiro.</example> 
    </rule>
  </category>


   <category name="Estrangeirismos e latinismos">
    <rule id="WEBSITE" name="Website">
      <pattern>
        <token>Website</token>
      </pattern>
      <message>Verificar se os estrangeirismos/latinismos estão em itálico.</message>
      <example type="incorrect">Vou visitar o <marker>Website</marker> do Marco.</example>
      <example type="correct">Vou visitar o <marker>Website</marker> do Marco.</example> 
    </rule>
  </category>


   <category name="Estrangeirismos e latinismos">
    <rule id="WEBSITES" name="Websites">
      <pattern>
        <token>Websites</token>
      </pattern>
      <message>Verificar se os estrangeirismos/latinismos estão em itálico.</message>
      <example type="incorrect">Vou visitar os <marker>Websites</marker> do Marco.</example>
      <example type="correct">Vou visitar os <marker>Websites</marker> do Marco.</example>
    </rule>
  </category>


   <category name="Estrangeirismos e latinismos">
    <rule id="WORM" name="worm">
      <pattern>
        <token>worm</token>
      </pattern>
      <message>Verificar se os estrangeirismos/latinismos estão em itálico.</message>
      <example type="incorrect">Aquele <marker>worm</marker> é um perigo.</example>
      <example type="correct">Aquele <marker>worm</marker> é um perigo.</example>
    </rule>
  </category>
-->


</rules>